REF_AREA,Territorio,TIME_PERIOD,OBS_VALUE
ITC11,Torino,2014,2690
ITC11,Torino,2015,2232
ITC11,Torino,2016,1920
ITC11,Torino,2017,1986
ITC11,Torino,2018,1799
ITC11,Torino,2019,1309
ITC11,Torino,2020,1060
ITC11,Torino,2021,1299
ITC11,Torino,2022,1633
ITC11,Torino,2023,1905
ITC12,Vercelli,2014,41
ITC12,Vercelli,2015,56
ITC12,Vercelli,2016,43
ITC12,Vercelli,2017,32
ITC12,Vercelli,2018,40
ITC12,Vercelli,2019,45
ITC12,Vercelli,2020,13
ITC12,Vercelli,2021,33
ITC12,Vercelli,2022,37
ITC12,Vercelli,2023,41
ITC15,Novara,2014,134
ITC15,Novara,2015,109
ITC15,Novara,2016,96
ITC15,Novara,2017,101
ITC15,Novara,2018,102
ITC15,Novara,2019,82
ITC15,Novara,2020,94
ITC15,Novara,2021,91
ITC15,Novara,2022,113
ITC15,Novara,2023,135
ITC16,Cuneo,2014,151
ITC16,Cuneo,2015,117
ITC16,Cuneo,2016,117
ITC16,Cuneo,2017,87
ITC16,Cuneo,2018,77
ITC16,Cuneo,2019,66
ITC16,Cuneo,2020,61
ITC16,Cuneo,2021,66
ITC16,Cuneo,2022,66
ITC16,Cuneo,2023,86
ITC17,Asti,2014,93
ITC17,Asti,2015,79
ITC17,Asti,2016,74
ITC17,Asti,2017,88
ITC17,Asti,2018,60
ITC17,Asti,2019,67
ITC17,Asti,2020,22
ITC17,Asti,2021,31
ITC17,Asti,2022,54
ITC17,Asti,2023,33
ITC18,Alessandria,2014,154
ITC18,Alessandria,2015,170
ITC18,Alessandria,2016,154
ITC18,Alessandria,2017,138
ITC18,Alessandria,2018,118
ITC18,Alessandria,2019,97
ITC18,Alessandria,2020,82
ITC18,Alessandria,2021,88
ITC18,Alessandria,2022,99
ITC18,Alessandria,2023,140
ITC13,Biella,2014,52
ITC13,Biella,2015,41
ITC13,Biella,2016,18
ITC13,Biella,2017,28
ITC13,Biella,2018,35
ITC13,Biella,2019,26
ITC13,Biella,2020,31
ITC13,Biella,2021,19
ITC13,Biella,2022,37
ITC13,Biella,2023,27
ITC14,Verbano-Cusio-Ossola,2014,23
ITC14,Verbano-Cusio-Ossola,2015,22
ITC14,Verbano-Cusio-Ossola,2016,13
ITC14,Verbano-Cusio-Ossola,2017,20
ITC14,Verbano-Cusio-Ossola,2018,15
ITC14,Verbano-Cusio-Ossola,2019,18
ITC14,Verbano-Cusio-Ossola,2020,13
ITC14,Verbano-Cusio-Ossola,2021,16
ITC14,Verbano-Cusio-Ossola,2022,21
ITC14,Verbano-Cusio-Ossola,2023,24
ITC20,Valle d’Aosta,2014,19
ITC20,Valle d’Aosta,2015,9
ITC20,Valle d’Aosta,2016,19
ITC20,Valle d’Aosta,2017,7
ITC20,Valle d’Aosta,2018,12
ITC20,Valle d’Aosta,2019,11
ITC20,Valle d’Aosta,2020,12
ITC20,Valle d’Aosta,2021,13
ITC20,Valle d’Aosta,2022,12
ITC20,Valle d’Aosta,2023,17
ITC31,Imperia,2014,112
ITC31,Imperia,2015,98
ITC31,Imperia,2016,91
ITC31,Imperia,2017,79
ITC31,Imperia,2018,118
ITC31,Imperia,2019,85
ITC31,Imperia,2020,47
ITC31,Imperia,2021,87
ITC31,Imperia,2022,98
ITC31,Imperia,2023,82
ITC32,Savona,2014,126
ITC32,Savona,2015,93
ITC32,Savona,2016,123
ITC32,Savona,2017,109
ITC32,Savona,2018,116
ITC32,Savona,2019,96
ITC32,Savona,2020,76
ITC32,Savona,2021,76
ITC32,Savona,2022,120
ITC32,Savona,2023,103
ITC33,Genova,2014,520
ITC33,Genova,2015,459
ITC33,Genova,2016,467
ITC33,Genova,2017,415
ITC33,Genova,2018,403
ITC33,Genova,2019,361
ITC33,Genova,2020,420
ITC33,Genova,2021,426
ITC33,Genova,2022,552
ITC33,Genova,2023,637
ITC34,La Spezia,2014,54
ITC34,La Spezia,2015,86
ITC34,La Spezia,2016,87
ITC34,La Spezia,2017,70
ITC34,La Spezia,2018,59
ITC34,La Spezia,2019,64
ITC34,La Spezia,2020,52
ITC34,La Spezia,2021,54
ITC34,La Spezia,2022,72
ITC34,La Spezia,2023,74
ITC41,Varese,2014,299
ITC41,Varese,2015,271
ITC41,Varese,2016,281
ITC41,Varese,2017,268
ITC41,Varese,2018,233
ITC41,Varese,2019,275
ITC41,Varese,2020,221
ITC41,Varese,2021,269
ITC41,Varese,2022,285
ITC41,Varese,2023,276
ITC42,Como,2014,189
ITC42,Como,2015,149
ITC42,Como,2016,180
ITC42,Como,2017,165
ITC42,Como,2018,193
ITC42,Como,2019,138
ITC42,Como,2020,112
ITC42,Como,2021,160
ITC42,Como,2022,164
ITC42,Como,2023,190
ITC44,Sondrio,2014,18
ITC44,Sondrio,2015,12
ITC44,Sondrio,2016,19
ITC44,Sondrio,2017,10
ITC44,Sondrio,2018,8
ITC44,Sondrio,2019,11
ITC44,Sondrio,2020,11
ITC44,Sondrio,2021,16
ITC44,Sondrio,2022,23
ITC44,Sondrio,2023,20
ITC4C,Milano,2014,4590
ITC4C,Milano,2015,3954
ITC4C,Milano,2016,3726
ITC4C,Milano,2017,3822
ITC4C,Milano,2018,3290
ITC4C,Milano,2019,3054
ITC4C,Milano,2020,2568
ITC4C,Milano,2021,3346
ITC4C,Milano,2022,4123
ITC4C,Milano,2023,4170
ITC46,Bergamo,2014,566
ITC46,Bergamo,2015,483
ITC46,Bergamo,2016,492
ITC46,Bergamo,2017,426
ITC46,Bergamo,2018,355
ITC46,Bergamo,2019,308
ITC46,Bergamo,2020,304
ITC46,Bergamo,2021,313
ITC46,Bergamo,2022,342
ITC46,Bergamo,2023,445
ITC47,Brescia,2014,572
ITC47,Brescia,2015,568
ITC47,Brescia,2016,471
ITC47,Brescia,2017,412
ITC47,Brescia,2018,438
ITC47,Brescia,2019,360
ITC47,Brescia,2020,297
ITC47,Brescia,2021,483
ITC47,Brescia,2022,459
ITC47,Brescia,2023,568
ITC48,Pavia,2014,210
ITC48,Pavia,2015,260
ITC48,Pavia,2016,173
ITC48,Pavia,2017,163
ITC48,Pavia,2018,178
ITC48,Pavia,2019,140
ITC48,Pavia,2020,125
ITC48,Pavia,2021,170
ITC48,Pavia,2022,183
ITC48,Pavia,2023,214
ITC4A,Cremona,2014,116
ITC4A,Cremona,2015,99
ITC4A,Cremona,2016,104
ITC4A,Cremona,2017,81
ITC4A,Cremona,2018,91
ITC4A,Cremona,2019,91
ITC4A,Cremona,2020,47
ITC4A,Cremona,2021,64
ITC4A,Cremona,2022,93
ITC4A,Cremona,2023,100
ITC4B,Mantova,2014,113
ITC4B,Mantova,2015,105
ITC4B,Mantova,2016,87
ITC4B,Mantova,2017,87
ITC4B,Mantova,2018,97
ITC4B,Mantova,2019,88
ITC4B,Mantova,2020,82
ITC4B,Mantova,2021,77
ITC4B,Mantova,2022,82
ITC4B,Mantova,2023,105
ITC43,Lecco,2014,96
ITC43,Lecco,2015,91
ITC43,Lecco,2016,64
ITC43,Lecco,2017,64
ITC43,Lecco,2018,73
ITC43,Lecco,2019,62
ITC43,Lecco,2020,38
ITC43,Lecco,2021,64
ITC43,Lecco,2022,92
ITC43,Lecco,2023,110
ITC49,Lodi,2014,90
ITC49,Lodi,2015,82
ITC49,Lodi,2016,53
ITC49,Lodi,2017,78
ITC49,Lodi,2018,75
ITC49,Lodi,2019,61
ITC49,Lodi,2020,56
ITC49,Lodi,2021,64
ITC49,Lodi,2022,83
ITC49,Lodi,2023,82
ITC4D,Monza e della Brianza,2014,450
ITC4D,Monza e della Brianza,2015,356
ITC4D,Monza e della Brianza,2016,287
ITC4D,Monza e della Brianza,2017,332
ITC4D,Monza e della Brianza,2018,333
ITC4D,Monza e della Brianza,2019,336
ITC4D,Monza e della Brianza,2020,203
ITC4D,Monza e della Brianza,2021,232
ITC4D,Monza e della Brianza,2022,276
ITC4D,Monza e della Brianza,2023,274
ITH10,Bolzano / Bozen,2014,120
ITH10,Bolzano / Bozen,2015,110
ITH10,Bolzano / Bozen,2016,147
ITH10,Bolzano / Bozen,2017,180
ITH10,Bolzano / Bozen,2018,172
ITH10,Bolzano / Bozen,2019,139
ITH10,Bolzano / Bozen,2020,176
ITH10,Bolzano / Bozen,2021,192
ITH10,Bolzano / Bozen,2022,232
ITH10,Bolzano / Bozen,2023,236
ITH20,Trento,2014,128
ITH20,Trento,2015,112
ITH20,Trento,2016,134
ITH20,Trento,2017,80
ITH20,Trento,2018,87
ITH20,Trento,2019,86
ITH20,Trento,2020,96
ITH20,Trento,2021,86
ITH20,Trento,2022,135
ITH20,Trento,2023,91
ITH31,Verona,2014,295
ITH31,Verona,2015,296
ITH31,Verona,2016,349
ITH31,Verona,2017,319
ITH31,Verona,2018,320
ITH31,Verona,2019,247
ITH31,Verona,2020,242
ITH31,Verona,2021,304
ITH31,Verona,2022,389
ITH31,Verona,2023,477
ITH32,Vicenza,2014,220
ITH32,Vicenza,2015,206
ITH32,Vicenza,2016,152
ITH32,Vicenza,2017,168
ITH32,Vicenza,2018,170
ITH32,Vicenza,2019,162
ITH32,Vicenza,2020,145
ITH32,Vicenza,2021,177
ITH32,Vicenza,2022,205
ITH32,Vicenza,2023,243
ITH33,Belluno,2014,4
ITH33,Belluno,2015,6
ITH33,Belluno,2016,13
ITH33,Belluno,2017,21
ITH33,Belluno,2018,17
ITH33,Belluno,2019,11
ITH33,Belluno,2020,7
ITH33,Belluno,2021,15
ITH33,Belluno,2022,18
ITH33,Belluno,2023,20
ITH34,Treviso,2014,145
ITH34,Treviso,2015,137
ITH34,Treviso,2016,122
ITH34,Treviso,2017,126
ITH34,Treviso,2018,132
ITH34,Treviso,2019,119
ITH34,Treviso,2020,105
ITH34,Treviso,2021,120
ITH34,Treviso,2022,156
ITH34,Treviso,2023,164
ITH35,Venezia,2014,356
ITH35,Venezia,2015,369
ITH35,Venezia,2016,278
ITH35,Venezia,2017,308
ITH35,Venezia,2018,321
ITH35,Venezia,2019,276
ITH35,Venezia,2020,241
ITH35,Venezia,2021,345
ITH35,Venezia,2022,464
ITH35,Venezia,2023,442
ITH36,Padova,2014,369
ITH36,Padova,2015,361
ITH36,Padova,2016,302
ITH36,Padova,2017,284
ITH36,Padova,2018,255
ITH36,Padova,2019,274
ITH36,Padova,2020,262
ITH36,Padova,2021,221
ITH36,Padova,2022,311
ITH36,Padova,2023,280
ITH37,Rovigo,2014,40
ITH37,Rovigo,2015,32
ITH37,Rovigo,2016,29
ITH37,Rovigo,2017,35
ITH37,Rovigo,2018,43
ITH37,Rovigo,2019,26
ITH37,Rovigo,2020,25
ITH37,Rovigo,2021,20
ITH37,Rovigo,2022,27
ITH37,Rovigo,2023,38
ITH42,Udine,2014,112
ITH42,Udine,2015,82
ITH42,Udine,2016,80
ITH42,Udine,2017,87
ITH42,Udine,2018,82
ITH42,Udine,2019,89
ITH42,Udine,2020,69
ITH42,Udine,2021,56
ITH42,Udine,2022,78
ITH42,Udine,2023,103
ITH43,Gorizia,2014,24
ITH43,Gorizia,2015,21
ITH43,Gorizia,2016,9
ITH43,Gorizia,2017,18
ITH43,Gorizia,2018,18
ITH43,Gorizia,2019,8
ITH43,Gorizia,2020,14
ITH43,Gorizia,2021,15
ITH43,Gorizia,2022,15
ITH43,Gorizia,2023,24
ITH44,Trieste,2014,86
ITH44,Trieste,2015,100
ITH44,Trieste,2016,91
ITH44,Trieste,2017,88
ITH44,Trieste,2018,75
ITH44,Trieste,2019,89
ITH44,Trieste,2020,57
ITH44,Trieste,2021,71
ITH44,Trieste,2022,105
ITH44,Trieste,2023,150
ITH41,Pordenone,2014,40
ITH41,Pordenone,2015,34
ITH41,Pordenone,2016,41
ITH41,Pordenone,2017,32
ITH41,Pordenone,2018,31
ITH41,Pordenone,2019,12
ITH41,Pordenone,2020,18
ITH41,Pordenone,2021,25
ITH41,Pordenone,2022,33
ITH41,Pordenone,2023,43
ITH51,Piacenza,2014,146
ITH51,Piacenza,2015,122
ITH51,Piacenza,2016,85
ITH51,Piacenza,2017,108
ITH51,Piacenza,2018,83
ITH51,Piacenza,2019,70
ITH51,Piacenza,2020,76
ITH51,Piacenza,2021,139
ITH51,Piacenza,2022,79
ITH51,Piacenza,2023,91
ITH52,Parma,2014,201
ITH52,Parma,2015,181
ITH52,Parma,2016,170
ITH52,Parma,2017,231
ITH52,Parma,2018,203
ITH52,Parma,2019,193
ITH52,Parma,2020,230
ITH52,Parma,2021,196
ITH52,Parma,2022,247
ITH52,Parma,2023,283
ITH53,Reggio nell’Emilia,2014,225
ITH53,Reggio nell’Emilia,2015,202
ITH53,Reggio nell’Emilia,2016,188
ITH53,Reggio nell’Emilia,2017,170
ITH53,Reggio nell’Emilia,2018,158
ITH53,Reggio nell’Emilia,2019,125
ITH53,Reggio nell’Emilia,2020,110
ITH53,Reggio nell’Emilia,2021,166
ITH53,Reggio nell’Emilia,2022,168
ITH53,Reggio nell’Emilia,2023,189
ITH54,Modena,2014,267
ITH54,Modena,2015,277
ITH54,Modena,2016,256
ITH54,Modena,2017,257
ITH54,Modena,2018,290
ITH54,Modena,2019,307
ITH54,Modena,2020,235
ITH54,Modena,2021,263
ITH54,Modena,2022,259
ITH54,Modena,2023,339
ITH55,Bologna,2014,895
ITH55,Bologna,2015,836
ITH55,Bologna,2016,717
ITH55,Bologna,2017,595
ITH55,Bologna,2018,688
ITH55,Bologna,2019,555
ITH55,Bologna,2020,506
ITH55,Bologna,2021,589
ITH55,Bologna,2022,612
ITH55,Bologna,2023,850
ITH56,Ferrara,2014,144
ITH56,Ferrara,2015,145
ITH56,Ferrara,2016,133
ITH56,Ferrara,2017,142
ITH56,Ferrara,2018,134
ITH56,Ferrara,2019,102
ITH56,Ferrara,2020,91
ITH56,Ferrara,2021,100
ITH56,Ferrara,2022,105
ITH56,Ferrara,2023,116
ITH57,Ravenna,2014,237
ITH57,Ravenna,2015,157
ITH57,Ravenna,2016,196
ITH57,Ravenna,2017,161
ITH57,Ravenna,2018,111
ITH57,Ravenna,2019,116
ITH57,Ravenna,2020,94
ITH57,Ravenna,2021,106
ITH57,Ravenna,2022,118
ITH57,Ravenna,2023,97
ITH58,Forlì-Cesena,2014,126
ITH58,Forlì-Cesena,2015,146
ITH58,Forlì-Cesena,2016,112
ITH58,Forlì-Cesena,2017,90
ITH58,Forlì-Cesena,2018,99
ITH58,Forlì-Cesena,2019,110
ITH58,Forlì-Cesena,2020,81
ITH58,Forlì-Cesena,2021,114
ITH58,Forlì-Cesena,2022,104
ITH58,Forlì-Cesena,2023,139
ITH59,Rimini,2014,364
ITH59,Rimini,2015,340
ITH59,Rimini,2016,298
ITH59,Rimini,2017,357
ITH59,Rimini,2018,272
ITH59,Rimini,2019,244
ITH59,Rimini,2020,255
ITH59,Rimini,2021,444
ITH59,Rimini,2022,375
ITH59,Rimini,2023,283
ITI11,Massa-Carrara,2014,64
ITI11,Massa-Carrara,2015,63
ITI11,Massa-Carrara,2016,75
ITI11,Massa-Carrara,2017,51
ITI11,Massa-Carrara,2018,49
ITI11,Massa-Carrara,2019,52
ITI11,Massa-Carrara,2020,31
ITI11,Massa-Carrara,2021,34
ITI11,Massa-Carrara,2022,29
ITI11,Massa-Carrara,2023,24
ITI12,Lucca,2014,211
ITI12,Lucca,2015,187
ITI12,Lucca,2016,180
ITI12,Lucca,2017,159
ITI12,Lucca,2018,128
ITI12,Lucca,2019,92
ITI12,Lucca,2020,99
ITI12,Lucca,2021,135
ITI12,Lucca,2022,139
ITI12,Lucca,2023,135
ITI13,Pistoia,2014,126
ITI13,Pistoia,2015,95
ITI13,Pistoia,2016,95
ITI13,Pistoia,2017,91
ITI13,Pistoia,2018,67
ITI13,Pistoia,2019,76
ITI13,Pistoia,2020,85
ITI13,Pistoia,2021,60
ITI13,Pistoia,2022,83
ITI13,Pistoia,2023,81
ITI14,Firenze,2014,638
ITI14,Firenze,2015,506
ITI14,Firenze,2016,577
ITI14,Firenze,2017,579
ITI14,Firenze,2018,694
ITI14,Firenze,2019,522
ITI14,Firenze,2020,454
ITI14,Firenze,2021,503
ITI14,Firenze,2022,856
ITI14,Firenze,2023,1351
ITI16,Livorno,2014,111
ITI16,Livorno,2015,117
ITI16,Livorno,2016,124
ITI16,Livorno,2017,118
ITI16,Livorno,2018,135
ITI16,Livorno,2019,91
ITI16,Livorno,2020,68
ITI16,Livorno,2021,82
ITI16,Livorno,2022,126
ITI16,Livorno,2023,104
ITI17,Pisa,2014,214
ITI17,Pisa,2015,211
ITI17,Pisa,2016,227
ITI17,Pisa,2017,199
ITI17,Pisa,2018,212
ITI17,Pisa,2019,166
ITI17,Pisa,2020,127
ITI17,Pisa,2021,130
ITI17,Pisa,2022,156
ITI17,Pisa,2023,126
ITI18,Arezzo,2014,90
ITI18,Arezzo,2015,92
ITI18,Arezzo,2016,76
ITI18,Arezzo,2017,53
ITI18,Arezzo,2018,74
ITI18,Arezzo,2019,104
ITI18,Arezzo,2020,43
ITI18,Arezzo,2021,69
ITI18,Arezzo,2022,69
ITI18,Arezzo,2023,74
ITI19,Siena,2014,35
ITI19,Siena,2015,42
ITI19,Siena,2016,46
ITI19,Siena,2017,36
ITI19,Siena,2018,24
ITI19,Siena,2019,27
ITI19,Siena,2020,16
ITI19,Siena,2021,13
ITI19,Siena,2022,22
ITI19,Siena,2023,49
ITI1A,Grosseto,2014,46
ITI1A,Grosseto,2015,58
ITI1A,Grosseto,2016,56
ITI1A,Grosseto,2017,64
ITI1A,Grosseto,2018,41
ITI1A,Grosseto,2019,30
ITI1A,Grosseto,2020,27
ITI1A,Grosseto,2021,33
ITI1A,Grosseto,2022,62
ITI1A,Grosseto,2023,54
ITI15,Prato,2014,284
ITI15,Prato,2015,249
ITI15,Prato,2016,197
ITI15,Prato,2017,185
ITI15,Prato,2018,134
ITI15,Prato,2019,221
ITI15,Prato,2020,219
ITI15,Prato,2021,137
ITI15,Prato,2022,223
ITI15,Prato,2023,325
ITI21,Perugia,2014,205
ITI21,Perugia,2015,194
ITI21,Perugia,2016,199
ITI21,Perugia,2017,169
ITI21,Perugia,2018,187
ITI21,Perugia,2019,183
ITI21,Perugia,2020,138
ITI21,Perugia,2021,132
ITI21,Perugia,2022,138
ITI21,Perugia,2023,165
ITI22,Terni,2014,54
ITI22,Terni,2015,42
ITI22,Terni,2016,35
ITI22,Terni,2017,34
ITI22,Terni,2018,34
ITI22,Terni,2019,37
ITI22,Terni,2020,34
ITI22,Terni,2021,35
ITI22,Terni,2022,30
ITI22,Terni,2023,37
ITI31,Pesaro e Urbino,2014,54
ITI31,Pesaro e Urbino,2015,61
ITI31,Pesaro e Urbino,2016,60
ITI31,Pesaro e Urbino,2017,58
ITI31,Pesaro e Urbino,2018,49
ITI31,Pesaro e Urbino,2019,40
ITI31,Pesaro e Urbino,2020,58
ITI31,Pesaro e Urbino,2021,68
ITI31,Pesaro e Urbino,2022,73
ITI31,Pesaro e Urbino,2023,60
ITI32,Ancona,2014,100
ITI32,Ancona,2015,132
ITI32,Ancona,2016,89
ITI32,Ancona,2017,101
ITI32,Ancona,2018,99
ITI32,Ancona,2019,69
ITI32,Ancona,2020,51
ITI32,Ancona,2021,56
ITI32,Ancona,2022,80
ITI32,Ancona,2023,102
ITI33,Macerata,2014,55
ITI33,Macerata,2015,68
ITI33,Macerata,2016,60
ITI33,Macerata,2017,59
ITI33,Macerata,2018,58
ITI33,Macerata,2019,56
ITI33,Macerata,2020,36
ITI33,Macerata,2021,36
ITI33,Macerata,2022,34
ITI33,Macerata,2023,34
ITI34,Ascoli Piceno,2014,38
ITI34,Ascoli Piceno,2015,44
ITI34,Ascoli Piceno,2016,35
ITI34,Ascoli Piceno,2017,47
ITI34,Ascoli Piceno,2018,28
ITI34,Ascoli Piceno,2019,33
ITI34,Ascoli Piceno,2020,23
ITI34,Ascoli Piceno,2021,27
ITI34,Ascoli Piceno,2022,33
ITI34,Ascoli Piceno,2023,29
ITI35,Fermo,2014,53
ITI35,Fermo,2015,51
ITI35,Fermo,2016,43
ITI35,Fermo,2017,70
ITI35,Fermo,2018,50
ITI35,Fermo,2019,47
ITI35,Fermo,2020,34
ITI35,Fermo,2021,29
ITI35,Fermo,2022,47
ITI35,Fermo,2023,39
ITI41,Viterbo,2014,55
ITI41,Viterbo,2015,65
ITI41,Viterbo,2016,40
ITI41,Viterbo,2017,47
ITI41,Viterbo,2018,40
ITI41,Viterbo,2019,34
ITI41,Viterbo,2020,41
ITI41,Viterbo,2021,28
ITI41,Viterbo,2022,40
ITI41,Viterbo,2023,55
ITI42,Rieti,2014,27
ITI42,Rieti,2015,16
ITI42,Rieti,2016,12
ITI42,Rieti,2017,13
ITI42,Rieti,2018,17
ITI42,Rieti,2019,18
ITI42,Rieti,2020,10
ITI42,Rieti,2021,10
ITI42,Rieti,2022,20
ITI42,Rieti,2023,13
ITI43,Roma,2014,4150
ITI43,Roma,2015,3536
ITI43,Roma,2016,3295
ITI43,Roma,2017,3024
ITI43,Roma,2018,3122
ITI43,Roma,2019,2588
ITI43,Roma,2020,2216
ITI43,Roma,2021,2500
ITI43,Roma,2022,2382
ITI43,Roma,2023,3016
ITI44,Latina,2014,212
ITI44,Latina,2015,204
ITI44,Latina,2016,212
ITI44,Latina,2017,205
ITI44,Latina,2018,157
ITI44,Latina,2019,148
ITI44,Latina,2020,144
ITI44,Latina,2021,134
ITI44,Latina,2022,148
ITI44,Latina,2023,183
ITI45,Frosinone,2014,110
ITI45,Frosinone,2015,116
ITI45,Frosinone,2016,133
ITI45,Frosinone,2017,81
ITI45,Frosinone,2018,76
ITI45,Frosinone,2019,86
ITI45,Frosinone,2020,35
ITI45,Frosinone,2021,45
ITI45,Frosinone,2022,50
ITI45,Frosinone,2023,67
ITF11,L'Aquila,2014,75
ITF11,L'Aquila,2015,60
ITF11,L'Aquila,2016,46
ITF11,L'Aquila,2017,46
ITF11,L'Aquila,2018,35
ITF11,L'Aquila,2019,45
ITF11,L'Aquila,2020,28
ITF11,L'Aquila,2021,23
ITF11,L'Aquila,2022,16
ITF11,L'Aquila,2023,55
ITF12,Teramo,2014,87
ITF12,Teramo,2015,79
ITF12,Teramo,2016,67
ITF12,Teramo,2017,66
ITF12,Teramo,2018,65
ITF12,Teramo,2019,50
ITF12,Teramo,2020,47
ITF12,Teramo,2021,51
ITF12,Teramo,2022,67
ITF12,Teramo,2023,45
ITF13,Pescara,2014,175
ITF13,Pescara,2015,163
ITF13,Pescara,2016,146
ITF13,Pescara,2017,138
ITF13,Pescara,2018,108
ITF13,Pescara,2019,115
ITF13,Pescara,2020,105
ITF13,Pescara,2021,113
ITF13,Pescara,2022,113
ITF13,Pescara,2023,99
ITF14,Chieti,2014,80
ITF14,Chieti,2015,72
ITF14,Chieti,2016,74
ITF14,Chieti,2017,62
ITF14,Chieti,2018,78
ITF14,Chieti,2019,59
ITF14,Chieti,2020,37
ITF14,Chieti,2021,47
ITF14,Chieti,2022,46
ITF14,Chieti,2023,45
ITF22,Campobasso,2014,44
ITF22,Campobasso,2015,38
ITF22,Campobasso,2016,30
ITF22,Campobasso,2017,33
ITF22,Campobasso,2018,40
ITF22,Campobasso,2019,31
ITF22,Campobasso,2020,16
ITF22,Campobasso,2021,15
ITF22,Campobasso,2022,20
ITF22,Campobasso,2023,25
ITF21,Isernia,2014,8
ITF21,Isernia,2015,6
ITF21,Isernia,2016,13
ITF21,Isernia,2017,15
ITF21,Isernia,2018,4
ITF21,Isernia,2019,5
ITF21,Isernia,2020,6
ITF21,Isernia,2021,13
ITF21,Isernia,2022,10
ITF21,Isernia,2023,10
ITF31,Caserta,2014,981
ITF31,Caserta,2015,865
ITF31,Caserta,2016,845
ITF31,Caserta,2017,961
ITF31,Caserta,2018,789
ITF31,Caserta,2019,575
ITF31,Caserta,2020,361
ITF31,Caserta,2021,335
ITF31,Caserta,2022,351
ITF31,Caserta,2023,499
ITF32,Benevento,2014,56
ITF32,Benevento,2015,61
ITF32,Benevento,2016,51
ITF32,Benevento,2017,47
ITF32,Benevento,2018,51
ITF32,Benevento,2019,30
ITF32,Benevento,2020,21
ITF32,Benevento,2021,27
ITF32,Benevento,2022,20
ITF32,Benevento,2023,31
ITF33,Napoli,2014,6739
ITF33,Napoli,2015,6072
ITF33,Napoli,2016,6607
ITF33,Napoli,2017,5626
ITF33,Napoli,2018,4858
ITF33,Napoli,2019,3900
ITF33,Napoli,2020,2938
ITF33,Napoli,2021,2812
ITF33,Napoli,2022,3468
ITF33,Napoli,2023,3273
ITF34,Avellino,2014,49
ITF34,Avellino,2015,58
ITF34,Avellino,2016,52
ITF34,Avellino,2017,57
ITF34,Avellino,2018,38
ITF34,Avellino,2019,31
ITF34,Avellino,2020,29
ITF34,Avellino,2021,31
ITF34,Avellino,2022,33
ITF34,Avellino,2023,36
ITF35,Salerno,2014,417
ITF35,Salerno,2015,433
ITF35,Salerno,2016,361
ITF35,Salerno,2017,391
ITF35,Salerno,2018,326
ITF35,Salerno,2019,292
ITF35,Salerno,2020,275
ITF35,Salerno,2021,286
ITF35,Salerno,2022,265
ITF35,Salerno,2023,300
ITF46,Foggia,2014,506
ITF46,Foggia,2015,499
ITF46,Foggia,2016,439
ITF46,Foggia,2017,415
ITF46,Foggia,2018,345
ITF46,Foggia,2019,293
ITF46,Foggia,2020,247
ITF46,Foggia,2021,245
ITF46,Foggia,2022,254
ITF46,Foggia,2023,203
ITF47,Bari,2014,1312
ITF47,Bari,2015,1328
ITF47,Bari,2016,957
ITF47,Bari,2017,770
ITF47,Bari,2018,691
ITF47,Bari,2019,455
ITF47,Bari,2020,359
ITF47,Bari,2021,409
ITF47,Bari,2022,399
ITF47,Bari,2023,384
ITF43,Taranto,2014,183
ITF43,Taranto,2015,196
ITF43,Taranto,2016,198
ITF43,Taranto,2017,205
ITF43,Taranto,2018,168
ITF43,Taranto,2019,131
ITF43,Taranto,2020,117
ITF43,Taranto,2021,94
ITF43,Taranto,2022,112
ITF43,Taranto,2023,86
ITF44,Brindisi,2014,188
ITF44,Brindisi,2015,173
ITF44,Brindisi,2016,134
ITF44,Brindisi,2017,157
ITF44,Brindisi,2018,135
ITF44,Brindisi,2019,101
ITF44,Brindisi,2020,69
ITF44,Brindisi,2021,62
ITF44,Brindisi,2022,66
ITF44,Brindisi,2023,50
ITF45,Lecce,2014,263
ITF45,Lecce,2015,209
ITF45,Lecce,2016,193
ITF45,Lecce,2017,214
ITF45,Lecce,2018,222
ITF45,Lecce,2019,155
ITF45,Lecce,2020,122
ITF45,Lecce,2021,126
ITF45,Lecce,2022,112
ITF45,Lecce,2023,120
ITF48,Barletta-Andria-Trani,2014,273
ITF48,Barletta-Andria-Trani,2015,192
ITF48,Barletta-Andria-Trani,2016,172
ITF48,Barletta-Andria-Trani,2017,187
ITF48,Barletta-Andria-Trani,2018,160
ITF48,Barletta-Andria-Trani,2019,137
ITF48,Barletta-Andria-Trani,2020,116
ITF48,Barletta-Andria-Trani,2021,119
ITF48,Barletta-Andria-Trani,2022,135
ITF48,Barletta-Andria-Trani,2023,154
ITF51,Potenza,2014,41
ITF51,Potenza,2015,33
ITF51,Potenza,2016,37
ITF51,Potenza,2017,41
ITF51,Potenza,2018,37
ITF51,Potenza,2019,31
ITF51,Potenza,2020,21
ITF51,Potenza,2021,29
ITF51,Potenza,2022,32
ITF51,Potenza,2023,33
ITF52,Matera,2014,20
ITF52,Matera,2015,20
ITF52,Matera,2016,30
ITF52,Matera,2017,20
ITF52,Matera,2018,35
ITF52,Matera,2019,24
ITF52,Matera,2020,23
ITF52,Matera,2021,14
ITF52,Matera,2022,22
ITF52,Matera,2023,11
ITF61,Cosenza,2014,136
ITF61,Cosenza,2015,136
ITF61,Cosenza,2016,164
ITF61,Cosenza,2017,131
ITF61,Cosenza,2018,101
ITF61,Cosenza,2019,67
ITF61,Cosenza,2020,74
ITF61,Cosenza,2021,76
ITF61,Cosenza,2022,89
ITF61,Cosenza,2023,69
ITF63,Catanzaro,2014,87
ITF63,Catanzaro,2015,62
ITF63,Catanzaro,2016,58
ITF63,Catanzaro,2017,46
ITF63,Catanzaro,2018,57
ITF63,Catanzaro,2019,50
ITF63,Catanzaro,2020,32
ITF63,Catanzaro,2021,26
ITF63,Catanzaro,2022,37
ITF63,Catanzaro,2023,34
ITF65,Reggio di Calabria,2014,212
ITF65,Reggio di Calabria,2015,177
ITF65,Reggio di Calabria,2016,151
ITF65,Reggio di Calabria,2017,135
ITF65,Reggio di Calabria,2018,136
ITF65,Reggio di Calabria,2019,121
ITF65,Reggio di Calabria,2020,67
ITF65,Reggio di Calabria,2021,48
ITF65,Reggio di Calabria,2022,70
ITF65,Reggio di Calabria,2023,71
ITF62,Crotone,2014,30
ITF62,Crotone,2015,26
ITF62,Crotone,2016,23
ITF62,Crotone,2017,38
ITF62,Crotone,2018,35
ITF62,Crotone,2019,15
ITF62,Crotone,2020,20
ITF62,Crotone,2021,18
ITF62,Crotone,2022,9
ITF62,Crotone,2023,6
ITF64,Vibo Valentia,2014,47
ITF64,Vibo Valentia,2015,73
ITF64,Vibo Valentia,2016,41
ITF64,Vibo Valentia,2017,32
ITF64,Vibo Valentia,2018,35
ITF64,Vibo Valentia,2019,18
ITF64,Vibo Valentia,2020,34
ITF64,Vibo Valentia,2021,10
ITF64,Vibo Valentia,2022,6
ITF64,Vibo Valentia,2023,4
ITG11,Trapani,2014,175
ITG11,Trapani,2015,209
ITG11,Trapani,2016,152
ITG11,Trapani,2017,145
ITG11,Trapani,2018,95
ITG11,Trapani,2019,108
ITG11,Trapani,2020,104
ITG11,Trapani,2021,94
ITG11,Trapani,2022,94
ITG11,Trapani,2023,123
ITG12,Palermo,2014,1453
ITG12,Palermo,2015,1227
ITG12,Palermo,2016,1156
ITG12,Palermo,2017,804
ITG12,Palermo,2018,759
ITG12,Palermo,2019,759
ITG12,Palermo,2020,554
ITG12,Palermo,2021,475
ITG12,Palermo,2022,585
ITG12,Palermo,2023,557
ITG13,Messina,2014,335
ITG13,Messina,2015,233
ITG13,Messina,2016,227
ITG13,Messina,2017,126
ITG13,Messina,2018,116
ITG13,Messina,2019,121
ITG13,Messina,2020,71
ITG13,Messina,2021,72
ITG13,Messina,2022,52
ITG13,Messina,2023,87
ITG14,Agrigento,2014,106
ITG14,Agrigento,2015,80
ITG14,Agrigento,2016,94
ITG14,Agrigento,2017,70
ITG14,Agrigento,2018,88
ITG14,Agrigento,2019,79
ITG14,Agrigento,2020,54
ITG14,Agrigento,2021,52
ITG14,Agrigento,2022,76
ITG14,Agrigento,2023,72
ITG15,Caltanissetta,2014,88
ITG15,Caltanissetta,2015,52
ITG15,Caltanissetta,2016,64
ITG15,Caltanissetta,2017,53
ITG15,Caltanissetta,2018,34
ITG15,Caltanissetta,2019,46
ITG15,Caltanissetta,2020,35
ITG15,Caltanissetta,2021,21
ITG15,Caltanissetta,2022,28
ITG15,Caltanissetta,2023,38
ITG16,Enna,2014,18
ITG16,Enna,2015,23
ITG16,Enna,2016,28
ITG16,Enna,2017,21
ITG16,Enna,2018,15
ITG16,Enna,2019,10
ITG16,Enna,2020,10
ITG16,Enna,2021,3
ITG16,Enna,2022,14
ITG16,Enna,2023,11
ITG17,Catania,2014,1446
ITG17,Catania,2015,1216
ITG17,Catania,2016,819
ITG17,Catania,2017,647
ITG17,Catania,2018,751
ITG17,Catania,2019,618
ITG17,Catania,2020,506
ITG17,Catania,2021,355
ITG17,Catania,2022,484
ITG17,Catania,2023,391
ITG18,Ragusa,2014,93
ITG18,Ragusa,2015,81
ITG18,Ragusa,2016,49
ITG18,Ragusa,2017,62
ITG18,Ragusa,2018,60
ITG18,Ragusa,2019,57
ITG18,Ragusa,2020,41
ITG18,Ragusa,2021,59
ITG18,Ragusa,2022,32
ITG18,Ragusa,2023,55
ITG19,Siracusa,2014,159
ITG19,Siracusa,2015,168
ITG19,Siracusa,2016,152
ITG19,Siracusa,2017,109
ITG19,Siracusa,2018,134
ITG19,Siracusa,2019,120
ITG19,Siracusa,2020,85
ITG19,Siracusa,2021,76
ITG19,Siracusa,2022,74
ITG19,Siracusa,2023,108
ITG2D,Sassari,2014,111
ITG2D,Sassari,2015,88
ITG2D,Sassari,2016,89
ITG2D,Sassari,2017,87
ITG2D,Sassari,2018,91
ITG2D,Sassari,2019,82
ITG2D,Sassari,2020,50
ITG2D,Sassari,2021,61
ITG2D,Sassari,2022,64
ITG2D,Sassari,2023,112
ITG2E,Nuoro,2014,59
ITG2E,Nuoro,2015,22
ITG2E,Nuoro,2016,40
ITG2E,Nuoro,2017,36
ITG2E,Nuoro,2018,39
ITG2E,Nuoro,2019,20
ITG2E,Nuoro,2020,20
ITG2E,Nuoro,2021,20
ITG2E,Nuoro,2022,28
ITG2E,Nuoro,2023,26
ITG2F,Cagliari,2014,208
ITG2F,Cagliari,2015,180
ITG2F,Cagliari,2016,210
ITG2F,Cagliari,2017,185
ITG2F,Cagliari,2018,143
ITG2F,Cagliari,2019,171
ITG2F,Cagliari,2020,117
ITG2F,Cagliari,2021,142
ITG2F,Cagliari,2022,147
ITG2F,Cagliari,2023,159
ITG2G,Oristano,2014,12
ITG2G,Oristano,2015,19
ITG2G,Oristano,2016,15
ITG2G,Oristano,2017,13
ITG2G,Oristano,2018,9
ITG2G,Oristano,2019,18
ITG2G,Oristano,2020,11
ITG2G,Oristano,2021,7
ITG2G,Oristano,2022,13
ITG2G,Oristano,2023,4